,,Industry and Commercial,,,,,,,,,,Domestic,,,,,,,,,,Transport,,,,,,,,,,Grand total,,,,,,,,,,"Population  ('000s, mid-year estimate)",,,,,,,,,,Per Capita Emissions (t),,,,,,,,,,,,,,,,
Code,Name,2005,2006,2007,2008,2009,2010,2011,2012,2013,2014,2005,2006,2007,2008,2009,2010,2011,2012,2013,2014,2005,2006,2007,2008,2009,2010,2011,2012,2013,2014,2005,2006,2007,2008,2009,2010,2011,2012,2013,2014,2005,2006,2007,2008,2009,2010,2011,2012,2013,2014,2005,2006,2007,2008,2009,2010,2011,2012,2013,2014,,,,,,,
,,,,,,,,,,,,,,,,,,,,,,,,,,,,,,,,,,,,,,,,,,,,,,,,,,,,,,,,,,,,,,,,,,,,
E09000001,City of London,"1,545.7","1,679.7","1,580.4","1,603.9","1,402.0","1,554.7","1,317.1","1,460.9","1,343.7",964.1,20.3,20.4,20.5,21.4,19.6,21.1,18.8,20.5,19.9,16.5,65.3,65.1,64.4,58.3,54.6,54.5,52.6,51.3,50.5,54.9,"1,631.3","1,765.2","1,665.3","1,683.6","1,476.3","1,630.3","1,388.6","1,532.8","1,414.0","1,035.5",7.1,7.3,7.6,7.4,7.5,7.3,7.4,7.6,7.6,8.1,228.8,243.3,218.9,226.6,197.6,222.2,187.3,201.6,184.9,128.3,,,,,,,
E09000002,Barking and Dagenham,345.8,348.1,346.8,345.3,299.7,325.8,289.9,308.2,282.8,201.0,345.9,344.6,334.4,332.5,297.2,321.4,282.2,300.8,290.8,242.9,178.1,182.8,179.4,161.1,165.5,160.0,160.4,153.7,155.3,160.6,869.8,875.5,860.6,839.0,762.4,807.2,732.4,762.7,728.9,604.5,166.3,167.2,169.0,172.5,177.6,182.8,187.0,190.6,194.4,198.3,5.2,5.2,5.1,4.9,4.3,4.4,3.9,4.0,3.8,3.0,,,,,,,
E09000003,Barnet,460.5,472.0,442.3,453.1,403.1,426.4,382.9,402.6,384.3,371.9,868.1,870.7,847.9,856.7,775.0,837.4,731.0,791.7,776.8,645.8,371.0,367.3,366.2,353.9,340.3,345.9,329.2,337.5,333.9,338.1,"1,699.6","1,710.0","1,656.5","1,663.6","1,518.4","1,609.7","1,443.0","1,531.8","1,495.0","1,355.8",327.5,330.8,334.8,339.2,345.8,351.4,357.5,364.0,369.1,374.9,5.2,5.2,4.9,4.9,4.4,4.6,4.0,4.2,4.1,3.6,,,,,,,
E09000004,Bexley,470.6,476.0,449.3,447.2,391.1,417.3,376.0,405.5,392.2,377.2,531.0,526.8,509.7,513.7,462.9,498.1,432.3,468.7,455.7,379.4,266.3,257.8,254.4,241.5,235.2,228.4,219.4,219.1,213.0,215.4,"1,267.9","1,260.6","1,213.4","1,202.4","1,089.2","1,143.9","1,027.7","1,093.3","1,060.9",971.9,222.4,223.3,224.6,226.7,228.1,230.7,232.8,234.3,236.7,239.9,5.7,5.6,5.4,5.3,4.8,5.0,4.4,4.7,4.5,4.1,,,,,,,
E09000005,Brent,543.0,521.4,545.3,602.3,522.1,464.9,411.6,571.2,546.2,500.6,616.5,614.2,601.7,606.0,547.5,587.3,508.9,549.7,539.9,450.1,262.4,255.6,247.6,225.8,217.8,230.1,219.7,219.5,208.1,217.9,"1,421.8","1,391.3","1,394.6","1,434.2","1,287.3","1,282.3","1,140.2","1,340.3","1,294.2","1,168.6",270.9,276.5,283.3,290.9,298.1,304.8,312.2,314.7,317.3,320.8,5.2,5.0,4.9,4.9,4.3,4.2,3.7,4.3,4.1,3.6,,,,,,,
E09000006,Bromley,378.5,424.7,375.3,364.9,330.3,339.3,306.9,333.5,316.2,273.9,812.4,809.6,786.0,796.6,719.8,774.8,674.8,733.4,719.9,597.1,365.6,358.0,351.8,334.3,322.1,314.9,307.5,302.1,297.8,299.9,"1,556.4","1,592.3","1,513.1","1,495.9","1,372.2","1,429.0","1,289.2","1,369.1","1,333.9","1,170.9",299.4,301.0,302.6,305.0,306.9,308.6,310.6,314.0,317.9,321.3,5.2,5.3,5.0,4.9,4.5,4.6,4.2,4.4,4.2,3.6,,,,,,,
E09000007,Camden,"1,076.1","1,197.5","1,157.1","1,132.3","1,003.7","1,062.4",969.1,"1,056.6","1,008.7",823.7,429.0,427.3,418.4,424.9,389.4,416.4,365.5,393.4,384.3,319.4,173.1,172.3,170.1,161.5,158.9,152.1,146.2,140.9,137.4,142.3,"1,678.2","1,797.2","1,745.7","1,718.7","1,551.9","1,630.8","1,480.9","1,590.9","1,530.4","1,285.5",211.1,211.0,211.5,210.3,212.9,214.7,220.1,225.0,229.7,234.8,8.0,8.5,8.3,8.2,7.3,7.6,6.7,7.1,6.7,5.5,,,,,,,
E09000008,Croydon,573.2,553.8,522.6,526.0,464.2,485.0,434.4,473.8,436.1,333.8,830.2,825.7,804.9,817.2,731.6,786.3,691.2,748.6,734.0,611.2,358.0,349.7,348.6,322.7,309.9,302.4,295.7,291.8,288.7,289.4,"1,761.4","1,729.1","1,676.1","1,665.9","1,505.6","1,573.6","1,421.3","1,514.1","1,458.8","1,234.4",339.1,340.4,344.0,349.3,352.8,358.0,364.8,368.9,372.8,376.0,5.2,5.1,4.9,4.8,4.3,4.4,3.9,4.1,3.9,3.3,,,,,,,
E09000009,Ealing,614.4,660.4,681.9,685.5,612.5,629.2,599.1,668.3,655.0,528.0,685.4,680.1,664.1,672.1,605.9,651.9,565.9,611.7,600.8,498.4,368.0,360.9,342.9,329.1,317.6,314.2,311.4,301.2,311.1,305.0,"1,667.8","1,701.4","1,688.8","1,686.7","1,536.1","1,595.3","1,476.4","1,581.1","1,567.0","1,331.4",312.8,315.3,318.7,324.0,330.0,334.1,339.3,340.7,342.5,342.1,5.3,5.4,5.3,5.2,4.7,4.8,4.4,4.6,4.6,3.9,,,,,,,
E09000010,Enfield,470.8,614.2,626.6,483.2,408.9,430.3,378.2,412.2,414.1,361.5,677.3,673.4,658.1,658.8,591.4,634.8,552.0,597.1,582.1,483.3,301.5,301.2,297.5,281.5,272.6,266.2,255.5,257.0,256.1,263.3,"1,449.6","1,588.7","1,582.2","1,423.5","1,272.9","1,331.3","1,185.7","1,266.3","1,252.3","1,108.1",284.8,287.4,291.5,297.4,302.0,307.6,313.9,317.3,320.5,324.6,5.1,5.5,5.4,4.8,4.2,4.3,3.8,4.0,3.9,3.4,,,,,,,
E09000011,Greenwich,430.8,443.3,427.7,465.4,419.7,455.9,383.1,382.5,317.0,389.8,496.3,493.1,478.5,482.5,435.7,468.2,408.5,439.9,426.7,356.6,331.6,320.6,316.6,295.5,287.0,281.6,280.0,272.6,264.5,266.3,"1,258.7","1,256.9","1,222.9","1,243.4","1,142.4","1,205.7","1,071.6","1,094.9","1,008.2","1,012.7",230.5,234.0,236.5,239.7,243.7,249.2,255.5,260.1,264.0,268.7,5.5,5.4,5.2,5.2,4.7,4.8,4.2,4.2,3.8,3.8,,,,,,,
E09000012,Hackney,299.2,314.7,302.6,305.3,271.5,296.3,287.4,358.0,348.1,342.3,429.6,424.6,416.8,422.8,382.7,413.0,364.1,390.1,380.9,318.2,185.7,188.4,184.7,176.9,170.9,171.3,161.0,157.7,151.2,151.5,914.4,927.7,904.1,905.0,825.1,880.5,812.5,905.8,880.2,812.1,216.5,220.2,224.5,231.0,236.6,241.7,247.2,252.1,257.4,263.2,4.2,4.2,4.0,3.9,3.5,3.6,3.3,3.6,3.4,3.1,,,,,,,
E09000013,Hammersmith and Fulham,500.3,537.1,525.0,530.0,500.5,531.6,483.3,516.8,481.8,372.6,379.9,374.7,365.1,372.5,337.8,362.5,314.2,339.2,331.6,276.9,196.7,199.1,195.9,178.3,177.4,172.6,163.0,154.7,157.5,156.2,"1,076.9","1,110.9","1,086.1","1,080.8","1,015.6","1,066.7",960.6,"1,010.7",971.0,805.7,173.3,174.7,176.5,177.1,180.1,180.8,182.4,179.9,178.7,178.4,6.2,6.4,6.2,6.1,5.6,5.9,5.3,5.6,5.4,4.5,,,,,,,
E09000014,Haringey,295.5,311.1,276.4,317.3,281.7,293.5,262.5,288.4,272.0,226.0,541.4,536.9,520.2,521.1,466.0,501.2,435.4,465.1,455.3,376.3,206.8,204.5,202.0,189.7,180.3,176.6,171.5,169.0,166.6,168.5,"1,043.6","1,052.5",998.6,"1,028.1",928.1,971.4,869.4,922.5,894.0,770.8,229.3,233.2,236.8,244.5,249.8,252.7,255.5,258.9,263.4,267.5,4.6,4.5,4.2,4.2,3.7,3.8,3.4,3.6,3.4,2.9,,,,,,,
E09000015,Harrow,298.7,290.8,286.6,289.5,247.0,252.3,218.9,241.7,218.1,205.3,535.2,535.6,522.3,525.8,475.0,514.8,447.2,483.0,478.9,400.1,165.4,160.8,158.0,151.0,143.7,139.9,138.6,138.4,134.1,133.4,999.3,987.3,966.8,966.4,865.7,907.0,804.7,863.1,831.1,738.7,221.1,223.6,226.4,229.6,233.5,237.5,240.5,242.4,243.4,246.0,4.5,4.4,4.3,4.2,3.7,3.8,3.3,3.6,3.4,3.0,,,,,,,
E09000016,Havering,309.4,314.0,293.8,294.8,260.3,309.0,251.5,274.4,263.9,219.2,578.9,576.9,559.2,561.8,503.4,543.6,470.3,508.3,496.1,413.0,288.4,287.1,280.4,263.8,263.5,260.6,256.9,257.6,252.9,256.8,"1,176.7","1,178.0","1,133.4","1,120.4","1,027.2","1,113.2",978.8,"1,040.3","1,012.9",888.9,227.0,228.2,229.8,231.8,234.1,236.2,237.9,239.7,242.1,246.0,5.2,5.2,4.9,4.8,4.4,4.7,4.1,4.3,4.2,3.6,,,,,,,
E09000017,Hillingdon,"1,055.4","1,066.6",986.4,"1,110.9",920.2,905.7,729.8,926.7,874.5,659.3,586.7,587.5,571.8,577.7,521.5,561.3,490.5,531.7,523.3,436.5,544.3,530.0,519.0,499.7,490.0,481.3,470.0,467.7,468.0,466.9,"2,186.3","2,184.2","2,077.2","2,188.2","1,931.6","1,948.3","1,690.4","1,926.2","1,865.8","1,562.7",251.4,254.4,257.0,261.1,265.7,269.5,275.5,281.8,286.8,292.7,8.7,8.6,8.1,8.4,7.3,7.2,6.1,6.8,6.5,5.3,,,,,,,
E09000018,Hounslow,675.2,713.4,695.3,648.3,594.6,671.2,621.2,660.8,621.4,538.0,491.6,492.1,483.6,491.1,442.1,476.4,416.9,450.3,440.5,367.5,350.8,341.8,336.7,318.8,305.8,299.8,289.9,289.8,282.4,284.3,"1,517.7","1,547.4","1,515.5","1,458.2","1,342.5","1,447.5","1,328.0","1,400.9","1,344.3","1,189.8",223.8,228.1,233.5,237.9,243.4,249.2,254.9,259.1,262.4,265.6,6.8,6.8,6.5,6.1,5.5,5.8,5.2,5.4,5.1,4.5,,,,,,,
E09000019,Islington,629.8,676.9,655.0,680.7,605.1,644.8,557.9,632.6,576.5,459.5,404.4,399.5,391.8,398.3,361.0,386.4,335.9,363.0,352.6,293.8,150.9,149.7,148.2,140.3,135.5,132.1,127.9,125.9,121.9,123.6,"1,185.1","1,226.2","1,195.1","1,219.2","1,101.6","1,163.4","1,021.8","1,121.5","1,051.0",876.9,183.5,185.3,188.6,192.1,196.7,200.1,206.3,211.0,215.7,221.0,6.5,6.6,6.3,6.3,5.6,5.8,5.0,5.3,4.9,4.0,,,,,,,
E09000020,Kensington and Chelsea,781.6,820.8,786.2,798.8,732.6,845.8,794.0,814.0,706.3,685.2,417.2,415.6,406.3,415.7,381.2,409.9,362.4,391.0,379.3,314.7,174.3,173.5,168.8,157.9,156.1,154.2,149.8,145.3,140.6,152.3,"1,373.1","1,409.9","1,361.2","1,372.3","1,269.9","1,410.0","1,306.1","1,350.3","1,226.2","1,152.2",168.4,165.2,162.9,162.6,161.9,160.5,158.3,155.9,155.6,156.2,8.2,8.5,8.4,8.4,7.8,8.8,8.3,8.7,7.9,7.4,,,,,,,
E09000021,Kingston upon Thames,260.7,264.5,262.1,252.8,228.4,236.1,215.6,228.7,222.1,198.6,370.0,367.2,358.3,362.0,326.6,351.6,306.6,334.5,326.4,271.4,256.2,243.7,245.2,233.0,225.7,235.8,218.2,213.8,209.6,207.1,886.9,875.3,865.5,847.8,780.6,823.4,740.4,777.0,758.0,677.1,152.5,153.7,154.5,156.0,157.3,158.6,160.4,163.9,166.8,170.0,5.8,5.7,5.6,5.4,5.0,5.2,4.6,4.7,4.5,4.0,,,,,,,
E09000022,Lambeth,519.1,546.1,524.3,534.7,505.7,527.2,487.2,524.0,516.5,435.8,602.9,594.7,576.1,583.6,525.1,563.5,493.4,532.6,519.6,429.9,289.8,283.8,281.6,265.2,253.5,246.4,238.0,227.5,221.8,224.5,"1,411.8","1,424.7","1,381.9","1,383.5","1,284.3","1,337.1","1,218.6","1,284.2","1,257.9","1,090.2",277.6,280.5,285.0,289.1,294.1,297.7,304.5,310.2,314.2,318.2,5.1,5.1,4.8,4.8,4.4,4.5,4.0,4.1,4.0,3.4,,,,,,,
E09000023,Lewisham,310.8,313.0,302.1,259.9,235.1,246.9,225.6,234.9,219.5,190.2,575.0,565.7,549.7,554.0,498.2,532.5,466.3,503.0,489.2,407.2,281.4,275.7,274.3,261.3,251.8,247.2,240.2,233.8,225.3,226.3,"1,167.2","1,154.4","1,126.1","1,075.2",985.1,"1,026.7",932.0,971.8,934.0,823.7,254.9,258.0,261.2,266.5,270.4,272.5,276.9,281.6,286.2,291.9,4.6,4.5,4.3,4.0,3.6,3.8,3.4,3.5,3.3,2.8,,,,,,,
E09000024,Merton,290.7,286.5,270.5,361.0,319.0,336.8,299.8,316.5,316.8,224.0,434.9,431.9,419.9,426.9,385.6,415.6,363.4,393.5,386.4,321.9,182.9,176.5,176.0,166.4,159.6,157.6,150.9,148.6,145.1,143.6,908.5,894.9,866.4,954.3,864.2,909.9,814.1,858.7,848.3,689.5,190.6,192.5,194.3,195.9,198.1,199.1,200.5,202.2,203.2,203.5,4.8,4.6,4.5,4.9,4.4,4.6,4.1,4.2,4.2,3.4,,,,,,,
E09000025,Newham,650.5,748.4,734.7,750.6,727.4,795.1,746.5,750.3,764.6,623.2,470.7,469.0,460.6,465.8,421.8,454.7,401.6,429.3,416.8,350.2,329.5,334.0,334.4,316.3,311.2,300.4,287.8,287.3,267.8,285.1,"1,450.6","1,551.4","1,529.6","1,532.7","1,460.4","1,550.1","1,436.0","1,466.8","1,449.2","1,258.4",253.8,258.0,266.3,276.5,286.4,299.2,310.5,314.1,318.2,324.3,5.7,6.0,5.7,5.5,5.1,5.2,4.6,4.7,4.6,3.9,,,,,,,
E09000026,Redbridge,241.9,242.0,233.8,229.6,208.8,211.5,189.4,206.7,193.6,182.7,571.2,567.2,551.7,564.8,513.0,553.1,481.9,521.2,509.4,425.1,270.7,272.0,269.5,243.2,238.3,236.8,253.5,250.2,240.3,244.4,"1,083.8","1,081.2","1,054.9","1,037.7",960.0,"1,001.4",924.8,978.1,943.2,852.2,251.6,255.6,260.0,265.5,270.4,275.1,281.4,284.6,288.3,293.1,4.3,4.2,4.1,3.9,3.5,3.6,3.3,3.4,3.3,2.9,,,,,,,
E09000027,Richmond upon Thames,329.0,335.8,328.2,316.7,274.2,280.4,240.3,269.2,260.9,237.2,479.8,477.8,463.8,472.0,427.6,462.5,402.4,437.8,429.6,357.8,241.3,234.8,232.0,218.4,207.9,204.1,198.5,200.4,194.4,194.1,"1,050.1","1,048.4","1,024.0","1,007.1",909.7,947.1,841.2,907.4,884.8,789.1,181.5,182.5,182.4,182.9,184.4,186.3,187.5,189.1,191.4,193.6,5.8,5.7,5.6,5.5,4.9,5.1,4.5,4.8,4.6,4.1,,,,,,,
E09000028,Southwark,937.5,958.8,924.3,922.4,788.9,838.2,728.5,848.8,791.7,572.0,510.2,505.7,498.9,501.0,454.7,486.1,430.9,461.9,444.2,369.9,283.3,278.1,281.7,261.5,254.7,248.4,240.5,229.5,222.9,226.0,"1,731.0","1,742.6","1,704.9","1,684.9","1,498.3","1,572.7","1,399.9","1,540.2","1,458.8","1,167.9",261.8,267.6,272.6,277.0,281.1,283.8,288.7,293.5,298.5,302.5,6.6,6.5,6.3,6.1,5.3,5.5,4.8,5.2,4.9,3.9,,,,,,,
E09000029,Sutton,247.0,253.5,245.8,258.4,246.8,264.0,224.8,258.9,242.3,191.2,439.8,440.9,430.6,436.3,393.3,419.7,369.0,400.5,390.3,324.5,188.8,182.1,183.5,167.8,164.4,158.8,154.4,151.1,147.7,148.9,875.6,876.5,859.9,862.5,804.5,842.4,748.1,810.4,780.3,664.6,182.1,182.9,184.2,185.9,188.2,189.3,191.1,193.6,195.9,198.1,4.8,4.8,4.7,4.6,4.3,4.4,3.9,4.2,4.0,3.4,,,,,,,
E09000030,Tower Hamlets,"1,321.6","1,661.2","1,645.3","1,705.7","1,459.5","1,572.9","1,307.1","1,458.2","1,341.9","1,143.2",369.7,373.7,372.7,381.8,350.6,375.9,336.7,365.3,349.3,291.1,314.3,316.4,316.4,299.6,291.0,291.9,276.9,265.9,262.4,267.7,"2,005.6","2,351.3","2,334.3","2,387.0","2,101.0","2,240.7","1,920.8","2,089.4","1,953.6","1,702.0",213.4,218.4,225.3,231.9,240.5,248.5,256.0,263.0,272.9,284.0,9.4,10.8,10.4,10.3,8.7,9.0,7.5,7.9,7.2,6.0,,,,,,,
E09000031,Waltham Forest,286.2,306.9,277.0,308.6,258.1,280.4,243.2,256.7,243.3,230.2,498.4,493.6,480.4,487.1,437.9,469.5,411.8,444.2,433.8,361.9,205.8,199.4,197.6,182.3,178.9,178.1,168.1,172.9,172.3,183.1,990.4,999.8,955.0,978.0,874.9,928.0,823.1,873.8,849.5,775.2,226.7,230.7,235.7,242.1,248.1,254.0,259.7,262.6,265.8,268.0,4.4,4.3,4.1,4.0,3.5,3.7,3.2,3.3,3.2,2.9,,,,,,,
E09000032,Wandsworth,531.2,538.4,496.8,417.3,378.1,404.4,355.3,381.3,367.5,335.9,644.3,640.0,625.5,638.3,576.1,618.6,541.2,589.4,573.3,477.2,306.0,270.6,283.8,269.5,250.9,250.0,237.6,235.3,226.0,223.4,"1,481.4","1,449.0","1,406.2","1,325.1","1,205.1","1,273.0","1,134.1","1,206.0","1,166.9","1,036.5",283.2,287.5,291.4,294.3,299.3,302.6,307.7,308.3,310.5,312.1,5.2,5.0,4.8,4.5,4.0,4.2,3.7,3.9,3.8,3.3,,,,,,,
E09000033,Westminster,"2,528.6","2,712.2","2,603.5","2,676.0","2,337.2","2,478.8","2,224.6","2,429.2","2,304.1","1,844.3",504.2,507.5,498.2,503.4,463.4,497.1,439.4,474.1,455.6,371.3,347.0,345.2,329.6,301.4,285.8,285.7,272.2,271.7,266.5,284.0,"3,379.9","3,564.9","3,431.3","3,480.8","3,086.4","3,261.6","2,936.2","3,175.0","3,026.3","2,499.5",223.1,222.8,220.6,218.7,217.0,217.2,219.6,223.9,226.8,233.3,15.1,16.0,15.6,15.9,14.2,15.0,13.4,14.2,13.3,10.7,,,,,,,
,,,,,,,,,,,,,,,,,,,,,,,,,,,,,,,,,,,,,,,,,,,,,,,,,,,,,,,,,,,,,,,,,,,,
E12000001,North East,"9,426.4","9,135.4","9,037.8","8,748.2","7,257.0","7,825.8","6,753.5","7,430.2","7,155.4","5,929.2","6,579.5","6,508.1","6,250.7","6,259.6","5,614.2","6,003.0","5,215.0","5,629.3","5,526.7","4,601.3","4,654.0","4,561.2","4,564.7","4,352.1","4,212.6","4,154.6","4,090.5","4,047.6","3,979.2","4,025.0","20,659.9","20,204.7","19,853.3","19,359.9","17,083.9","17,983.4","16,058.9","17,107.1","16,661.4","14,555.6","2,547.1","2,552.6","2,562.0","2,569.3","2,575.4","2,586.9","2,596.4","2,602.3","2,610.5","2,618.7",8.1,7.9,7.7,7.5,6.6,7.0,6.2,6.6,6.4,5.6,,,,,,,
E12000002,North West,"21,355.3","21,218.2","20,368.7","19,941.6","17,169.5","18,585.5","16,106.0","18,099.6","17,268.3","14,539.0","17,716.9","17,624.3","17,068.1","17,057.5","15,357.0","16,368.9","14,234.6","15,269.3","14,833.1","12,303.8","10,113.1","9,920.1","9,943.2","9,576.7","9,309.3","9,143.1","8,978.0","8,819.6","8,657.4","8,768.1","49,185.3","48,762.6","47,380.0","46,575.8","41,835.8","44,097.4","39,318.6","42,188.5","40,758.8","35,610.9","6,870.0","6,901.6","6,929.3","6,958.5","6,986.2","7,019.9","7,056.0","7,084.3","7,103.3","7,133.0",7.2,7.1,6.8,6.7,6.0,6.3,5.6,6.0,5.7,5.0,,,,,,,
E12000003,Yorkshire and the Humber,"17,610.8","17,370.8","16,500.0","16,144.8","14,108.8","15,220.7","13,745.3","14,462.7","14,184.4","12,102.1","13,352.3","13,212.8","12,679.9","12,688.5","11,473.4","12,365.1","10,808.6","11,542.7","11,252.7","9,461.9","8,670.9","8,570.6","8,692.8","8,331.5","8,030.5","7,886.8","7,737.5","7,608.6","7,467.5","7,566.6","39,634.0","39,154.2","37,872.7","37,164.9","33,612.8","35,472.7","32,291.4","33,614.0","32,904.6","29,130.6","4,329.1","4,366.7","4,404.8","4,441.1","4,471.7","4,507.1","4,537.4","4,567.7","4,598.4","4,637.4",7.8,7.6,7.3,7.1,6.4,6.8,6.1,6.3,6.2,5.4,,,,,,,
E12000004,East Midlands,"14,284.3","14,062.1","13,286.9","13,163.0","11,677.6","12,390.4","11,005.9","11,747.5","11,591.5","10,380.2","11,376.4","11,287.7","10,961.8","10,987.0","9,891.9","10,686.3","9,336.2","9,996.4","9,789.2","8,224.8","8,934.7","8,926.4","9,048.0","8,692.8","8,392.8","8,330.3","8,184.3","8,087.2","8,011.9","8,156.9","34,595.5","34,276.2","33,296.8","32,842.8","29,962.4","31,407.0","28,526.4","29,831.2","29,392.6","26,761.9","5,380.7","5,415.5","5,451.9","5,496.2","5,528.0","5,565.9","5,608.7","5,642.6","5,674.7","5,713.3",8.0,7.8,7.6,7.4,6.7,7.0,6.3,6.5,6.4,5.8,,,,,,,
E12000005,West Midlands,"15,759.2","15,926.3","15,258.7","14,522.1","12,411.0","13,306.7","12,164.8","12,939.5","12,714.2","11,232.8","13,309.7","13,419.1","12,967.0","12,982.8","11,686.1","12,528.9","10,940.3","11,699.8","11,393.3","9,561.6","9,507.4","9,355.0","9,440.7","9,129.2","8,845.6","8,714.5","8,579.9","8,454.6","8,330.5","8,469.3","38,576.3","38,700.4","37,666.4","36,634.1","32,942.7","34,550.1","31,685.0","33,093.9","32,438.0","29,263.7","5,562.7","5,606.3","5,653.5","5,708.4","5,751.4","5,807.4","5,862.4","5,907.3","5,954.3","6,018.4",7.2,7.1,6.9,6.7,6.0,6.2,5.6,5.9,5.7,5.1,,,,,,,
E12000006,East,"15,690.8","15,513.9","14,967.2","14,842.8","13,312.5","14,325.5","12,562.5","13,720.9","13,225.6","11,383.3","14,100.1","14,193.0","13,789.1","13,745.0","12,493.5","13,510.3","11,749.1","12,658.0","12,296.4","10,314.2","11,839.7","11,850.4","11,960.9","11,525.9","11,153.6","11,053.2","10,843.6","10,717.1","10,665.1","10,861.9","41,630.6","41,557.4","40,717.2","40,113.7","36,959.6","38,888.9","35,155.2","37,096.0","36,187.1","32,559.4","7,519.0","7,597.8","7,693.5","7,812.2","7,942.6","8,061.5","8,204.4","8,308.4","8,416.5","8,538.7",7.5,7.4,7.2,7.0,6.4,6.7,6.0,6.3,6.1,5.4,,,,,,,
E12000007,London,"20,209.0","21,603.8","20,811.0","21,078.6","18,637.7","19,814.1","17,542.4","19,352.1","18,243.8","15,241.5","17,148.3","17,064.1","16,647.7","16,846.3","15,220.4","16,367.3","14,312.9","15,464.6","15,093.6","12,556.9","8,801.3","8,638.7","8,538.5","8,027.2","7,778.4","7,679.9","7,443.2","7,340.9","7,193.6","7,304.9","46,158.6","47,306.6","45,997.2","45,952.2","41,636.5","43,861.3","39,298.5","42,157.6","40,531.0","35,103.2","8,202.9","8,270.9","8,351.4","8,426.4","8,490.9","8,577.8","8,652.8","8,724.7","8,792.8","8,873.8",6.1,6.2,6.0,5.9,5.2,5.4,4.8,5.1,4.8,4.1,,,,,,,
E12000008,South East,"20,924.7","21,018.5","20,401.9","20,211.0","17,931.8","19,585.5","17,464.6","18,297.4","17,596.0","14,818.0","20,786.2","20,853.1","20,266.0","20,409.0","18,473.8","19,882.8","17,348.2","18,766.1","18,262.5","15,313.9","15,293.5","15,034.7","15,132.6","14,510.7","14,034.8","13,856.3","13,650.0","13,449.2","13,283.9","13,536.8","57,004.5","56,906.3","55,800.5","55,130.7","50,440.4","53,324.7","48,462.7","50,512.6","49,142.4","43,668.7","5,086.1","5,119.8","5,170.5","5,205.0","5,226.8","5,261.3","5,300.8","5,339.6","5,377.6","5,423.3",6.9,6.9,6.7,6.5,5.9,6.2,5.6,5.8,5.6,4.9,,,,,,,
E12000009,South West,"14,882.3","14,637.0","14,172.4","13,514.3","12,122.8","12,678.6","11,469.8","12,224.9","11,794.8","10,798.2","12,526.8","12,592.7","12,144.6","12,181.9","11,074.2","11,862.8","10,313.8","11,144.9","10,812.3","9,072.4","9,725.6","9,713.8","9,847.1","9,607.2","9,297.3","9,175.8","8,993.6","8,855.5","8,784.1","8,924.8","37,134.8","36,943.5","36,164.1","35,303.4","32,494.3","33,717.1","30,777.2","32,225.3","31,391.1","28,795.4","5,086.3","5,119.4","5,170.6","5,205.3","5,227.1","5,261.3","5,301.1","5,339.6","5,377.6",,7.3,7.2,7.0,6.8,6.2,6.4,5.8,6.0,5.8,5.3,,,,,,,
,,,,,,,,,,,,,,,,,,,,,,,,,,,,,,,,,,,,,,,,,,,,,,,,,,,,,,,,,,,,,,,,,,,,
E92000001,England,"150,143.0","150,486.1","144,804.8","142,166.5","124,628.8","133,732.8","118,814.7","128,274.8","123,774.0","106,424.2","126,896.3","126,754.9","122,774.8","123,157.6","111,284.6","119,575.3","104,258.7","112,171.1","109,259.9","91,410.9","87,540.3","86,570.8","87,168.7","83,753.4","81,055.0","79,994.6","78,500.5","77,380.3","76,373.2","77,614.3","364,579.6","363,811.9","354,748.3","349,077.4","316,968.4","333,302.7","301,573.8","317,826.2","309,407.1","275,449.4","50,606.0","50,965.2","51,381.1","51,815.9","52,196.4","52,642.5","53,107.2","53,493.7","53,865.8","54,316.6",7.2,7.1,6.9,6.7,6.1,6.3,5.7,5.9,5.7,5.1,,,,,,,
,,,,,,,,,,,,,,,,,,,,,,,,,,,,,,,,,,,,,,,,,,,,,,,,,,,,,,,,,,,,,,,,,,,,
N92000002,Northern Ireland,"6,053.5","6,108.5","6,258.7","5,982.6","5,578.9","5,900.7","5,537.7","5,550.0","5,567.1","5,214.6","4,393.8","4,695.1","4,490.3","4,661.4","4,533.6","4,953.2","4,184.8","4,384.8","4,516.6","3,944.7","4,160.9","4,211.9","4,296.3","4,130.9","4,069.7","3,973.3","3,897.8","3,817.1","3,779.0","3,766.0","14,608.2","15,015.6","15,045.3","14,774.9","14,182.2","14,827.2","13,620.3","13,752.0","13,862.8","12,925.3","1,727.7","1,743.1","1,761.7","1,779.2","1,793.3","1,804.8","1,814.3","1,823.6","1,829.7","1,840.5",8.5,8.6,8.5,8.3,7.9,8.2,7.5,7.5,7.6,7.0,,,,,,,
S92000003,Scotland,"16,966.3","17,095.4","16,894.0","16,574.2","14,272.8","15,681.2","14,161.3","14,811.7","14,196.5","11,832.9","14,474.4","14,524.9","14,165.3","14,270.0","12,874.4","13,725.8","12,001.3","12,786.5","12,315.9","10,355.4","9,355.4","9,391.2","9,504.8","9,152.5","8,910.2","8,825.8","8,620.1","8,478.0","8,406.6","8,532.6","40,796.1","41,011.4","40,564.1","39,996.7","36,057.4","38,232.8","34,782.6","36,076.2","34,919.0","30,721.0","5,110.2","5,133.1","5,170.0","5,202.9","5,231.9","5,262.2","5,299.9","5,313.6","5,327.7","5,347.6",8.0,8.0,7.8,7.7,6.9,7.3,6.6,6.8,6.6,5.7,,,,,,,
W92000004,Wales,"10,995.3","10,903.0","10,356.9","10,107.4","8,879.0","9,195.4","8,199.5","8,723.7","8,529.6","7,806.4","7,852.0","7,937.0","7,526.1","7,700.2","6,984.2","7,481.9","6,457.1","6,885.8","6,719.9","5,646.3","5,713.3","5,737.7","5,818.8","5,615.3","5,453.7","5,380.1","5,265.5","5,190.0","5,146.4","5,208.0","24,560.6","24,577.6","23,701.8","23,422.9","21,316.9","22,057.3","19,922.2","20,799.5","20,395.9","18,660.8","2,969.3","2,985.7","3,006.3","3,025.9","3,038.9","3,050.0","3,063.8","3,074.1","3,082.4","3,092.0",8.3,8.2,7.9,7.7,7.0,7.2,6.5,6.8,6.6,6.0,,,,,,,
,,,,,,,,,,,,,,,,,,,,,,,,,,,,,,,,,,,,,,,,,,,,,,,,,,,,,,,,,,,,,,,,,,,,
K02000001,United Kingdom,"190,363.7","189,569.7","183,838.1","180,289.6","158,689.1","169,048.7","150,302.0","162,826.3","156,594.6","138,255.6","153,731.0","153,995.6","149,124.7","149,954.8","135,913.4","146,011.1","127,141.9","136,485.2","133,044.6","111,987.4","106,769.9","105,911.6","106,788.7","102,652.1","99,488.5","98,173.7","96,283.9","94,865.4","93,705.2","95,121.0","450,864.6","449,476.9","439,751.4","432,896.5","394,091.0","413,233.6","373,727.7","394,176.9","383,344.4","345,363.9","60,413.3","60,827.1","61,319.1","61,823.8","62,260.5","62,759.5","63,285.1","63,705.0","64,105.7","64,596.8",7.5,7.4,7.2,7.0,6.3,6.6,5.9,6.2,6.0,5.3,,,,,,,
,,,,,,,,,,,,,,,,,,,,,,,,,,,,,,,,,,,,,,,,,,,,,,,,,,,,,,,,,,,,,,,,,,,,
,,,,,,,,,,,,,,,,,,,,,,,,,,,,,,,,,,,,,,,,,,,,,,,,,,,,,,,,,,,,,,,,,,,,
,,,,,,,,,,,,,,,,,,,,,,,,,,,,,,,,,,,,,,,,,,,,,,,,,,,,,,,,,,,,,,,,,,,,
,,,,,,,,,,,,,,,,,,,,,,,,,,,,,,,,,,,,,,,,,,,,,,,,,,,,,,,,,,,,,,,,,,,,
,,,,,,,,,,,,,,,,,,,,,,,,,,,,,,,,,,,,,,,,,,,,,,,,,,,,,,,,,,,,,,,,,,,,
,,,,,,,,,,,,,,,,,,,,,,,,,,,,,,,,,,,,,,,,,,,,,,,,,,,,,,,,,,,,,,,,,,,,
